threads,throughput,mean,median
1,28.17,0.035403,0.033219
5,74.20,0.067198,0.066372
10,101.78,0.098097,0.094363
15,125,49,0.0118938,0.0115569
20,141.98,0.160644,0.137943
50,197.90,0.252970,0.252138
100,226.12,0.439794,0.441875
110,228.93,0.479758,0.481142
