threads,throughput,mean,median
1,2238.19,0.000447,0.000443
5,2304.32,0.002161,0.002045
10,2371.39,0.004187,0.003861
15,2125.61,0.007047,0.006580
20,2156.82,0.009220,0.008520
40,2097.87,0.019055,0.017524
