nodes,throughput,mean,median
1,19615.54,0.010227,0.008226
3,58905.98,0.010221,0.008336
6,119882.66,0.010050,0.005513
9,179346.34,0.010083,0.005475
