processes,throughput,mean,median
1,226.12,0.439794,0.441875
2,337.60,0.527642,0.518607
3,526.46,0.565287,0.549471
5,838.93,0.594981,0.573028
6,1002.21,0.597969,0.570774
7,1136.48,0.618671,0.581756
8,1210.93,0.658900,0.608366
9,1195.36,0.750113,0.666098
10,1149.30,0.868395,0.748578
