processes,throughput,mean,median
1,2371.39,0.004187,0.003861
3,7181.68,0.004160,0.003855
5,11392.93,0.004385,0.003960
6,12695.13,0.004713,0.004196
10,18000.76,0.005554,0.004504
12,18757.29,0.006402,0.004911
15,19799.74,0.007615,0.005919
18,19908.29,0.009055,0.007310
20,19615.54,0.010227,0.008226
25,19221.17,0.013055,0.010500
