nodes,throughput,mean,median
1,1210.93,0.658990,0.608366
2,2402.26,0.665377,0.606665
3,3561.05,0.673851,0.615165
4,4773.83,0.673322,0.615663
5,5836.77,0.688369,0.644749
6,6962.63,0.691840,0.637960
7,8146.70,0.690039,0.638991
10,10624.13,0.768104,0.684975
12,11648.35,0.838369,0.738114
14,12837.89,0.888452,0.784030
