processes,throughput,mean,median
1,2371.39,0.004187,0.003861
3,7181.68,0.004160,0.003855
5,11392.93,0.004385,0.003960
6,12695.13,0.004713,0.004196
10,18000.76,0.005554,0.004504
