nodes,throughput,mean,median
1,19615.54,0.010227,0.008226
3,58905.98,0.010221,0.008336
6,119882.66,0.010050,0.005513
9,179346.34,0.010083,0.005475
10,186502.48,0.010805,0.008657
11,105863.90,0.010753,0.008611
12,225566.19,0.010718,0.008579
14,263947.05,0.010685,0.008590
16,304516.43,0.010577,0.008500
