nodes,throughput,mean,median
1,21959.89,0.004553,0.003942
10,158600.07,0.006321,0.005765
20,152951.79,0.013140,0.012879
