processes,throughput,mean,median
1,2535.76,0.003883,0.003597
10,21959.89,0.004553,0.003942
20,23879.74,0.008377,0.007576
