nodes,throughput,mean,median
1,1701.45,0.708220,0.668472
2,3501.71,0.692168,0.655367
3,5299.55,0.688530,0.651348
4,6477.30,0.753467,0.727466
5,5864.40,0.941874,0.832860
