processes,throughput,mean,median
1,362.69,0.549497,0.551235
2,653.21,0.610248,0.610136
4,1316.76,0.6103720.593372
6,1701.45,0.708220,0.668472
8,1279.72,1.232167,1.127271
