nodes,throughput,mean,median
1,25659.22,0.004220,0.003642
3,76472.63,0.004245,0.003655
6,145461.05,0.004487,0.003874
