threads,throughput,mean,median
1,3161.10,0.001907,0.001758
2,5219.46,0.002270,0.002138
4,12732.17,0.001883,0.001744
8,21061.39,0.002285,0.002035
12,23391.68,0.003083,0.002898
16,25552.62,0.003775,0.003350
18,25659.22,0.004220,0.003642
20,24948.05,0.004812,0.004301
